ArticleId,Category
1018,tech
1319,business
1138,tech
459,entertainment
1020,tech
51,tech
2025,entertainment
1479,entertainment
27,tech
397,entertainment
1644,politics
263,business
765,entertainment
2134,business
297,tech
1712,tech
1631,entertainment
942,business
1549,tech
516,entertainment
2215,politics
531,entertainment
1541,tech
1340,politics
56,entertainment
2138,tech
338,sport
133,tech
215,tech
521,entertainment
1777,entertainment
185,business
2105,politics
1556,entertainment
659,tech
1837,tech
59,tech
383,entertainment
1581,tech
2167,entertainment
1593,entertainment
1849,entertainment
1691,tech
2033,business
2092,tech
849,business
1780,tech
1747,politics
1509,entertainment
1305,politics
2055,entertainment
2139,entertainment
57,entertainment
1496,politics
671,business
1193,entertainment
2104,business
872,tech
606,tech
1502,business
244,tech
381,entertainment
1944,business
725,entertainment
369,business
211,entertainment
1861,entertainment
1044,business
976,tech
1673,tech
442,business
144,tech
1954,politics
48,entertainment
608,business
2165,tech
913,business
1580,business
1061,business
529,entertainment
2137,entertainment
1284,tech
2040,tech
349,tech
1385,entertainment
1307,tech
807,politics
333,entertainment
786,politics
1775,business
558,entertainment
592,entertainment
2172,entertainment
1735,business
1188,tech
511,tech
157,tech
646,tech
8,tech
821,tech
1001,entertainment
309,tech
1732,entertainment
1291,tech
2136,entertainment
999,tech
1258,entertainment
721,tech
1922,entertainment
954,tech
847,tech
846,politics
313,tech
1997,tech
322,entertainment
1221,tech
129,entertainment
981,tech
330,entertainment
1172,entertainment
2123,entertainment
1165,entertainment
1592,tech
2094,entertainment
841,business
1224,tech
72,politics
1176,tech
1285,entertainment
1671,entertainment
67,entertainment
952,entertainment
884,entertainment
2011,business
1979,entertainment
519,sport
1132,entertainment
1782,business
112,entertainment
1996,tech
683,politics
1447,business
472,tech
562,entertainment
1476,entertainment
1339,tech
1972,entertainment
875,tech
1067,entertainment
1442,business
708,politics
515,business
118,entertainment
1513,tech
1227,tech
1196,tech
635,entertainment
1669,tech
1823,tech
483,business
1477,politics
509,business
667,politics
127,business
1316,politics
1983,tech
598,entertainment
1654,business
1232,business
703,entertainment
2051,entertainment
451,entertainment
1924,politics
852,politics
1889,entertainment
1695,entertainment
417,business
2125,entertainment
2087,entertainment
1274,business
579,tech
398,entertainment
1898,tech
87,entertainment
2024,entertainment
1927,business
1019,entertainment
1892,politics
357,entertainment
1161,entertainment
52,entertainment
1798,sport
2028,entertainment
58,tech
258,business
638,business
541,politics
2190,business
1936,entertainment
1293,politics
2181,tech
1329,entertainment
146,politics
89,tech
1627,politics
1123,politics
1233,tech
580,business
591,entertainment
1933,tech
911,tech
971,entertainment
1154,entertainment
1622,tech
539,entertainment
1131,business
1839,entertainment
545,tech
1910,tech
799,entertainment
1016,tech
1460,tech
1286,entertainment
296,entertainment
1345,business
1568,entertainment
502,entertainment
1530,entertainment
81,entertainment
2162,business
1519,politics
1634,tech
1586,entertainment
469,entertainment
382,entertainment
353,entertainment
1666,tech
1457,entertainment
2182,entertainment
1591,entertainment
1643,tech
1822,entertainment
742,entertainment
1956,tech
1829,business
1675,business
376,entertainment
1626,entertainment
168,entertainment
321,entertainment
715,entertainment
1278,tech
653,business
1206,entertainment
411,entertainment
931,business
1576,tech
1207,business
1729,tech
851,tech
994,business
223,tech
763,tech
977,tech
1094,tech
582,tech
1845,entertainment
965,business
1461,entertainment
945,tech
746,politics
1768,tech
1242,politics
259,tech
866,business
1288,entertainment
915,politics
337,entertainment
1842,entertainment
975,entertainment
1890,tech
1694,tech
367,business
1270,tech
1679,tech
717,entertainment
838,politics
1857,tech
798,business
1915,entertainment
1051,entertainment
99,politics
810,politics
1662,entertainment
1521,tech
1693,tech
347,entertainment
60,entertainment
1958,tech
723,tech
402,business
662,entertainment
3,tech
84,entertainment
1551,business
1684,politics
806,tech
1721,entertainment
446,entertainment
326,entertainment
2211,entertainment
2037,tech
1158,entertainment
498,sport
2122,entertainment
1905,tech
564,entertainment
939,tech
1,business
567,entertainment
1219,entertainment
1720,tech
1015,entertainment
1459,entertainment
633,entertainment
1384,entertainment
242,tech
1334,business
1456,entertainment
1298,business
1567,business
205,tech
385,entertainment
795,business
1083,entertainment
1953,entertainment
1987,entertainment
1748,tech
1869,business
34,entertainment
604,entertainment
142,entertainment
1832,tech
1865,business
862,business
1191,entertainment
22,business
1883,sport
737,tech
1262,tech
1601,business
1404,politics
1296,entertainment
2163,business
1168,business
438,entertainment
1888,entertainment
694,tech
1663,entertainment
861,business
704,tech
1010,entertainment
2039,entertainment
854,politics
1562,business
1422,tech
874,entertainment
1272,politics
1405,entertainment
2049,entertainment
620,business
2022,entertainment
925,entertainment
1573,entertainment
1187,tech
1471,tech
504,entertainment
576,business
222,tech
95,entertainment
332,business
1895,business
2106,entertainment
1181,entertainment
776,tech
9,tech
808,tech
1002,entertainment
784,tech
845,business
1416,business
1762,tech
525,business
596,entertainment
1800,entertainment
1341,business
113,tech
134,entertainment
270,entertainment
1324,tech
12,entertainment
782,business
1357,tech
1608,entertainment
1134,politics
276,entertainment
41,entertainment
1705,business
732,tech
968,entertainment
1006,entertainment
1140,business
966,politics
1399,business
586,tech
868,tech
1698,entertainment
452,entertainment
600,business
354,tech
1281,entertainment
914,entertainment
1430,business
554,business
1659,entertainment
1727,business
640,politics
691,entertainment
1531,entertainment
1389,tech
1545,entertainment
462,tech
2101,entertainment
1907,tech
1373,tech
1787,entertainment
2202,entertainment
961,politics
680,tech
1059,politics
626,entertainment
1961,tech
1048,tech
336,entertainment
719,business
1563,business
963,business
179,sport
1438,entertainment
1189,tech
2126,entertainment
895,entertainment
2005,tech
819,sport
23,tech
457,entertainment
1423,entertainment
100,tech
1448,entertainment
97,politics
172,tech
1918,entertainment
938,tech
752,entertainment
2222,entertainment
2038,entertainment
24,tech
1325,tech
409,entertainment
624,tech
1367,business
621,entertainment
1302,entertainment
505,tech
2057,entertainment
265,business
262,sport
2176,entertainment
1304,business
1539,entertainment
700,entertainment
2124,entertainment
2203,business
781,tech
1558,tech
1419,entertainment
1311,entertainment
124,business
664,entertainment
282,entertainment
1700,tech
1107,entertainment
922,entertainment
652,entertainment
713,tech
1068,entertainment
1116,entertainment
869,tech
1703,entertainment
1668,business
501,business
2053,politics
908,entertainment
1306,tech
348,entertainment
149,tech
1173,sport
6,entertainment
1180,entertainment
107,tech
1629,entertainment
131,business
1046,tech
698,entertainment
751,politics
1501,business
73,entertainment
1463,tech
1856,entertainment
1074,tech
2225,tech
1313,entertainment
933,politics
1136,politics
779,politics
1315,business
1628,entertainment
432,entertainment
546,tech
1779,entertainment
1514,business
1365,business
1776,business
109,tech
235,business
162,entertainment
2071,business
412,politics
1092,tech
1352,business
294,entertainment
1973,entertainment
493,business
45,business
2189,tech
1417,business
2140,politics
1265,tech
1353,sport
830,entertainment
448,politics
535,entertainment
1656,entertainment
996,tech
1246,politics
161,tech
1267,entertainment
138,entertainment
1575,business
1810,entertainment
2065,tech
768,sport
1507,entertainment
1520,tech
71,entertainment
1484,entertainment
163,entertainment
1171,tech
769,entertainment
77,sport
1252,entertainment
532,entertainment
1975,business
178,tech
1237,entertainment
1899,entertainment
676,entertainment
2008,business
1807,entertainment
481,tech
17,entertainment
837,politics
523,business
2099,sport
1957,entertainment
1470,tech
1151,business
489,tech
823,tech
1743,business
1035,entertainment
2103,business
1230,tech
1636,entertainment
103,politics
927,business
379,business
1789,entertainment
278,tech
887,entertainment
1300,entertainment
394,politics
625,business
1770,entertainment
1959,entertainment
1371,politics
1359,tech
921,tech
404,sport
422,tech
503,entertainment
1773,tech
2174,business
1086,politics
1986,entertainment
2007,tech
13,politics
796,tech
585,tech
1200,entertainment
642,entertainment
237,business
1826,tech
43,politics
1594,tech
594,entertainment
1084,tech
1859,entertainment
524,entertainment
463,business
1085,entertainment
668,business
2132,politics
1970,tech
260,business
141,entertainment
468,entertainment
269,entertainment
414,entertainment
2097,tech
1420,business
1472,entertainment
1757,entertainment
243,politics
1142,entertainment
1295,tech
1660,entertainment
1635,business
2200,entertainment
2146,tech
5,tech
1256,entertainment
2090,tech
1816,politics
1991,entertainment
1310,tech
1162,tech
499,entertainment
285,business
1216,tech
745,entertainment
421,politics
2068,politics
1145,entertainment
681,entertainment
556,entertainment
1063,business
55,tech
910,entertainment
2066,business
1025,entertainment
2154,business
64,tech
2218,business
2013,tech
1105,politics
669,politics
827,entertainment
1335,entertainment
1426,entertainment
2196,tech
368,tech
1535,tech
1672,business
599,entertainment
2085,business
1577,tech
724,tech
568,entertainment
2018,business
1543,entertainment
308,tech
1356,tech
573,tech
1746,tech
1290,business
272,business
139,tech
2191,entertainment
1255,politics
1699,business
1616,tech
1619,entertainment
1032,business
287,entertainment
2194,politics
928,tech
584,tech
1722,entertainment
1685,entertainment
1828,entertainment
692,entertainment
1393,politics
540,entertainment
1317,tech
152,business
650,business
191,entertainment
1719,entertainment
1564,entertainment
350,business
116,entertainment
1000,entertainment
36,entertainment
1225,entertainment
2155,entertainment
553,entertainment
551,entertainment
1724,business
1512,tech
1923,entertainment
373,tech
1704,entertainment
206,entertainment
471,entertainment
